plano_orcamentario_nome,instrumento_inicial,instrumento_inicial_gerado,Compara
CORONAVIRUS (COVID-19),CORONAVIRUS (COVID-19),MP nº 929/2020,FALSE
CORONAVIRUS (COVID-19) - REGRA DE OURO,CORONAVIRUS (COVID-19) - REGRA DE OURO,MP nº 929/2020,FALSE
CORONAVIRUS (COVID19),CORONAVIRUS (COVID19),MP nº 929/2020,FALSE
CORONAVIRUS (COVID19) - REGRA DE OURO,CORONAVIRUS (COVID19) - REGRA DE OURO,MP nº 929/2020,FALSE
"COVID-19 - MEDIDA PROVISORIA N. XXX, DE XX DE ABRIL DE 202 - SERVICOS DE TECNOLOGIA DA INFORMACAO PARA PAGAMENTO DO BENEFICIO EMERGENCIAL","COVID-19 - MEDIDA PROVISORIA N. XXX, DE XX DE ABRIL DE 202 - SERVICOS DE TECNOLOGIA DA INFORMACAO PARA PAGAMENTO DO BENEFICIO EMERGENCIAL",MP nº 929/2020,FALSE
"COVID-19 - MEDIDA PROVISORIA N. XXX, DE XX DE ABRIL DE 2021 - BENEFICIO EMERGENCIAL DE MANUTENCAO DO EMPREGO E DA RENDA","COVID-19 - MEDIDA PROVISORIA N. XXX, DE XX DE ABRIL DE 2021 - BENEFICIO EMERGENCIAL DE MANUTENCAO DO EMPREGO E DA RENDA",MP nº 1037/2021,FALSE
"COVID-19 - MEDIDA PROVISORIA N. XXX, DE XX DE ABRIL DE 2021 - SERVICOS DE CALL-CENTER E TELEFONIA PARA ATENDIMENTO AOS BENEFICIARIOS DO BENEFICIO EMERGENCIAL","COVID-19 - MEDIDA PROVISORIA N. XXX, DE XX DE ABRIL DE 2021 - SERVICOS DE CALL-CENTER E TELEFONIA PARA ATENDIMENTO AOS BENEFICIARIOS DO BENEFICIO EMERGENCIAL",MP nº 1037/2021,FALSE
"COVID-19 - MEDIDA PROVISORIA N. XXX,DE XX DE ABRIL DE 2021 - SERVICOS BANCARIOS PARA PAGAMENTO DO BENEFICIO EMERGENCIAL","COVID-19 - MEDIDA PROVISORIA N. XXX,DE XX DE ABRIL DE 2021 - SERVICOS BANCARIOS PARA PAGAMENTO DO BENEFICIO EMERGENCIAL",MP nº 1037/2021,FALSE
ENFRENTAMENTO DA EMERGENCIA DE SAUDE PUBLICA DE IMPORTANCIA INTERNACIONAL DECORRENTE DO CORONAVIRUS - DESPESAS DIVERSAS,ENFRENTAMENTO DA EMERGENCIA DE SAUDE PUBLICA DE IMPORTANCIA INTERNACIONAL DECORRENTE DO CORONAVIRUS - DESPESAS DIVERSAS,Lei nº 13.982/2020,FALSE
ESTACIONAMENTO E PERMANENCIA DE AERONAVES DE EMPRESAS NACIONAIS DE TRANSPORTE AEREO REGULAR DE PASSAGEIROS - COVID-19 - DESPESAS DIVERSAS,ESTACIONAMENTO E PERMANENCIA DE AERONAVES DE EMPRESAS NACIONAIS DE TRANSPORTE AEREO REGULAR DE PASSAGEIROS - COVID-19 - DESPESAS DIVERSAS,MP nº 929/2020,FALSE
IMPLEMENTACAO DE PLANO DE CONTINGENCIAS DA ANVISA - COVID-19,IMPLEMENTACAO DE PLANO DE CONTINGENCIAS DA ANVISA - COVID-19,MP nº 1037/2021,FALSE
"COVID-19 - MEDIDA PROVISORIA N. 1.001, DE 15 DE SETEMBRO DE 2020",MP nº 1001/2020,MP nº 1015/2020,FALSE
"COVID-19 - MEDIDA PROVISORIA N. 1.004, DE 24 DE SETEMBRO DE 2020 - ACESSO GLOBAL DE VACINAS (COVAX FACILITY)",MP nº 1004/2020,MP nº 1002/2020,FALSE
"COVID-19 - MEDIDA PROVISORIA N. 1.007, DE 2 DE OUTUBRO DE 2020",MP nº 1007/2020,MP nº 1002/2020,FALSE
"COVID-19 - MEDIDA PROVISORIA N. 1.008, DE 26 DE OUTUBRO DE 2020",MP nº 1008/2020,MP nº 1008/2020,TRUE
"COVID - 19 - MEDIDA PROVISORIA N. 1.015, DE 17 DE DEZEMBRO DE 2020 - AQUISICAO DE VACINAS E OUTRAS DESPESAS ASSOCIADAS A IMUNIZACAO",MP nº 1015/2020,MP nº 1015/2020,TRUE
"COVID-19 - MEDIDA PROVISORIA N. 1.032, DE 24 DE FEVEREIRO DE 2021",MP nº 1032/2021,MP nº 1032/2021,TRUE
"COVID-19 - MEDIDA PROVISORIA N. 1.037, DE 18 DE MARCO DE 2021",MP nº 1037/2021,MP nº 1037/2021,TRUE
"COVID-19 - MEDIDA PROVISORIA N. 1.038, DE 18 DE MARCO DE 2021",MP nº 1038/2021,MP nº 1038/2021,TRUE
"COVID-19 - MEDIDA PROVISORIA N. 1.038, DE 18 DE MARCO DE 2021 - OPERACIONALIZACAO DO PAGAMENTO DE AUXILIO EMERGENCIAL 2021",MP nº 1038/2021,MP nº 1038/2021,TRUE
"COVID-19 - MEDIDA PROVISORIA N. 1.041, DE 30 DE MARCO DE 2021",MP nº 1041/2021,MP nº 1041/2021,TRUE
"COVID-19 - MEDIDA PROVISORIA N. 1.043, DE 16 DE ABRIL DE 2021",MP nº 1043/2021,MP nº 1041/2021,FALSE
"COVID 19 - MEDIDA PROVISORIA N. 921, DE 7 DE FEVEREIRO DE 2020",MP nº 921/2020,MP nº 921/2020,TRUE
"COVID-19 - MEDIDA PROVISORIA N. 924, DE 13 DE MARCO DE 2020",MP nº 924/2020,MP nº 943/2020,FALSE
"MEDIDA PROVISORIA N. 924, DE 13/03/2020",MP nº 924/2020,MP nº 943/2020,FALSE
"COVID 19 - MEDIDA PROVISORIA N. 929, DE 25 DE MARCO DE 2020 - EIXO LOGISTICO - OPERACIONAL - EMCFA",MP nº 929/2020,MP nº 929/2020,TRUE
COVID 19 - MEDIDA PROVISORIO N. 929 DE 25 DE MARCO DE 2020 - SEPESD,MP nº 929/2020,MP nº 929/2020,TRUE
"COVID-19 - MEDIDA PROVISORIA N. 929, DE 25 DE MARCO DE 2020",MP nº 929/2020,MP nº 929/2020,TRUE
COVID 19 - MEDIDA PROVISORIA N. 929 DE 25 DE MARCO DE 2020,MP nº 929/2020,MP nº 929/2020,TRUE
"COVID-19 - MEDIDA PROVISORIA N. 935, DE 1 DE ABRIL DE 2020 BENEFICIO EMERGENCIAL DE MANUTENCAO DO EMPREGO E DA RENDA",MP nº 935/2020,MP nº 935/2020,TRUE
"COVID-19 - MEDIDA PROVISORIA N. 935, DE 1 DE ABRIL DE 2020 SERVICOS DE TECNOLOGIA DA INFORMACAO PARA PAGAMENTO DO BENEFICIO EMERGENCIAL",MP nº 935/2020,MP nº 935/2020,TRUE
"COVID-19 - MEDIDA PROVISORIA N. 935,DE 1 DE ABRIL DE 2020 SERVICOS BANCARIOS PARA PAGAMENTO DO BENEFICIO EMERGENCIAL",MP nº 935/2020,MP nº 935/2020,TRUE
"COVID-19 - MEDIDA PROVISORIA N. 937, DE 2 DE ABRIL DE 2020",MP nº 937/2020,MP nº 972/2020,FALSE
"COVID-19 - MEDIDA PROVISORIA N. 940, DE 2 DE ABRIL DE 2020",Mp nº 940/2020,Mp nº 940/2020,TRUE
MEDIDA PROVISORIA N. 941 DE 2 DE ABRIL DE 2020 (RP7),MP nº 941/2020,MP nº 941/2020,TRUE
"COVID-19 - MEDIDA PROVISORIA N. 941, DE 2 DE ABRIL DE 2020",MP nº 941/2020,MP nº 941/2020,TRUE
"MEDIDA PROVISORIA N. 942, DE 2/4/2020",MP nº 942/2020,MP nº 944/2020,FALSE
"COVID-19 - MEDIDA PROVISORIA N. 942, DE 2 DE ABRIL DE 2020",MP nº 942/2020,MP nº 942/2020,TRUE
"COVID-19 - MEDIDA PROVISORIA N. 942, DE 2 DE ABRIL DE 2020 - ENFRENTAMENTO DA EMERGENCIA DE SAUDE PUBLICA DE IMPORTANCIA INTERNACIONAL DECORRENTE DO CORONAVIRUS NO AMBITO DA FORCA NACIONAL",MP nº 942/2020,MP nº 942/2020,TRUE
"COVID-19 - MEDIDA PROVISORIA N. 942, DE 2 DE ABRIL DE 2020 - ENFRENTAMENTO DA EMERGENCIA DE SAUDE PUBLICA DE IMPORTANCIA INTERNACIONAL DECORRENTE DO CORONAVIRUS NO AMBITO DA SENASP",MP nº 942/2020,MP nº 942/2020,TRUE
"COVID-19 - MEDIDA PROVISORIA N. 942, DE 2 DE ABRIL DE 2020 - ENFRENTAMENTO DA EMERGENCIA DE SAUDE PUBLICA DE IMPORTANCIA INTERNACIONAL DECORRENTE DO CORONAVIRUS NO AMBITO DA CGPDS",MP nº 942/2020,MP nº 942/2020,TRUE
"COVID-19 - MEDIDA PROVISORIA N. 942, DE 2 DE ABRIL DE 2020 - ENFRENTAMENTO DA EMERGENCIA DE SAUDE PUBLICA DE IMPORTANCIA INTERNACIONAL DECORRENTE DO CORONAVIRUS NO AMBITO DA CGETNO",MP nº 942/2020,MP nº 942/2020,TRUE
"COVID-19 - MEDIDA PROVISORIA N. 942, DE 2 DE ABRIL DE 2020 - ENFRENTAMENTO DA EMERGENCIA DE SAUDE PUBLICA DE IMPORTANCIA INTERNACIONAL DECORRENTE DO CORONAVIRUS NO AMBITO DA CGMT",MP nº 942/2020,MP nº 942/2020,TRUE
"COVID-19 - MEDIDA PROVISORIA N. 942, DE 2 DE ABRIL DE 2020 - ENFRENTAMENTO DA EMERGENCIA DE SAUDE PUBLICA DE IMPORTANCIA INTERNACIONAL DECORRENTE DO CORONAVIRUS NO AMBITO DA CGIIRC",MP nº 942/2020,MP nº 942/2020,TRUE
"MEDIDA PROVISORIA N. 942 DE 2/4/20, PARA ACOES NO AMBITO DAS INSTITUICOES FEDERAIS DE ENSINO SUPERIOR",MP nº 942/2020,MP nº 944/2020,FALSE
"MEDIDA PROVISORIA N. 942, DE 2/4/20, PARA ACOES NO AMBITO DAS INSTITUICOES FEDERAIS DE EDUCACAO PROFISSIONAL, CIENTIFICA E TECNOLOGICA",MP nº 942/2020,MP nº 944/2020,FALSE
"MEDIDA PROVISORIA N. 942, DE 02/04/2020",MP nº 942/2020,MP nº 944/2020,FALSE
"COVID-19 - MEDIDA PROVISORIA N. 947, DE 8 DE ABRIL DE 2020",MP nº 947/2020,MP nº 978/2020,FALSE
"COVID-19 - MEDIDA PROVISORIA N. 953, DE 15 DE ABRIL DE 2020",MP nº 953/2020,MP nº 953/2020,TRUE
"COVID-19 - MEDIDA PROVISORIA N. 956, DE 24 DE ABRIL DE 2020",MP nº 956/2020,MP nº 956/2020,TRUE
"COVID-19 - MEDIDA PROVISORIA N. 957, DE 24 DE ABRIL DE 2020",MP nº 957/2020,MP nº 957/2020,TRUE
"COVID-19 - MEDIDA PROVISORIA N. 962, DE 6 DE MAIO DE 2020 - PESQUISA E DESENVOLVIMENTO NAS AREAS DE BIOTECNOLOGIA E SAUDE",MP nº 962/2020,MP nº 962/2020,TRUE
"COVID-19 - MEDIDA PROVISORIA N. 962, DE 6 DE MAIO DE 2020 - DESENVOLVIMENTO DE SOLUCOES INOVADORAS OU DE BAIXO CUSTO PARA KITS DE DIAGNOSTICO",MP nº 962/2020,MP nº 962/2020,TRUE
"COVID-19 - MEDIDA PROVISORIA N. 962, DE 6 DE MAIO DE 2020 - ENSAIOS CLINICOS DE FARMACOS E ESTRUTURACAO DE LABORATORIO DE NIVEL DE BIOSSEGURANCA SUPERIOR",MP nº 962/2020,MP nº 962/2020,TRUE
COVID-19 - MEDIDA PROVISORIA N. 962 DE 6 DE MAIO DE 2020 - SERVICOS CONSULARES E DE ASSISTENCIA A BRASILEIROS NO EXTERIOR,MP nº 962/2020,MP nº 962/2020,TRUE
"COVID-19 - MEDIDA PROVISORIA N. 963, DE 7 DE MAIO DE 2020 - CONCESSAO DE FINANCIAMENTO AO SETOR DE TURISMO NO AMBITO DO FUNGETUR",MP nº 963/2020,MP nº 963/2020,TRUE
"COVID-19 - MEDIDA PROVISORIA N. 965, DE 13 DE MAIO DE 2020",MP nº 965/2020,MP nº 953/2020,FALSE
COVID-19 - MEDIDA PROVISORIA N. 965 DE 13 DE MAIO DE 2020,MP nº 965/2020,MP nº 953/2020,FALSE
"COVID-19 - MEDIDA PROVISORIA N. 967, DE 19 DE MAIO DE 2020",MP nº 967/2020,MP nº 967/2020,TRUE
"COVID-19 - MEDIDA PROVISORIA N. 969, DE 20 DE MAIO DE 2020",MP nº 969/2020,MP nº 990/2020,FALSE
"COVID-19 - MEDIDA PROVISORIA N. 970, DE 25 DE MAIO DE 2020",MP nº 970/2020,MP nº 970/2020,TRUE
"COVID-19 - MEDIDA PROVISORIA N. 976, DE 4 DE JUNHO DE 2020",MP nº 976/2020,MP nº 976/2020,TRUE
COVID 19 - MEDIDA PROVISORIA N. 985 DE 25 DE JUNHO DE 2020,MP nº 985/2020,MP nº 985/2020,TRUE
"COVID-19 - MEDIDA PROVISORIA N. 988, DE 30 DE JUNHO DE 2020",MP nº 988/2020,MP nº 988/2020,TRUE
"COVID-19 - MEDIDA PROVISORIA N. 994, DE 6 DE AGOSTO DE 2020 - PROCESSAMENTO FINAL E ABSORCAO DE TECNOLOGIA DE VACINA",MP nº 994/2020,MP nº 994/2020,TRUE
"COVID-19 - MEDIDA PROVISORIA N. 999, DE 2 SETEMBRO DE 2020",MP nº 999/2020,MP nº 999/2020,TRUE
REFORCO DE RECURSOS PARA EMERGENCIA INTERNACIONAL EM SAUDE PUBLICA - CORONAVIRUS,REFORCO DE RECURSOS PARA EMERGENCIA INTERNACIONAL EM SAUDE PUBLICA - CORONAVIRUS,Lei nº 13.982/2020,FALSE